<?xml version="1.0" encoding="UTF-8"?>
<project-private xmlns="http://www.netbeans.org/ns/project-private/1">
    <editor-bookmarks xmlns="http://www.netbeans.org/ns/editor-bookmarks/2" lastBookmarkId="0"/>
    <open-files xmlns="http://www.netbeans.org/ns/projectui-open-files/2">
        <group>
            <file>file:/C:/Users/m-pc/Desktop/Franjo%20Đido%20-%20aplikacija%20Java/RezervacijaFilmova/src/RezervacijaFilmova/DodajDatum.java</file>
            <file>file:/C:/Users/m-pc/Desktop/Franjo%20Đido%20-%20aplikacija%20Java/RezervacijaFilmova/src/RezervacijaFilmova/Korisnik.java</file>
            <file>file:/C:/Users/m-pc/Desktop/Franjo%20Đido%20-%20aplikacija%20Java/RezervacijaFilmova/src/RezervacijaFilmova/AdminFrame.java</file>
            <file>file:/C:/Users/m-pc/Desktop/Franjo%20Đido%20-%20aplikacija%20Java/RezervacijaFilmova/src/RezervacijaFilmova/AdminPanel.java</file>
            <file>file:/C:/Users/m-pc/Desktop/Franjo%20Đido%20-%20aplikacija%20Java/RezervacijaFilmova/src/RezervacijaFilmova/Korisnik_1.java</file>
            <file>file:/C:/Users/m-pc/Desktop/Franjo%20Đido%20-%20aplikacija%20Java/RezervacijaFilmova/src/RezervacijaFilmova/ObrisiDatum.java</file>
            <file>file:/C:/Users/m-pc/Desktop/Franjo%20Đido%20-%20aplikacija%20Java/RezervacijaFilmova/src/RezervacijaFilmova/PocetniPanel.java</file>
            <file>file:/C:/Users/m-pc/Desktop/Franjo%20Đido%20-%20aplikacija%20Java/RezervacijaFilmova/src/RezervacijaFilmova/Datum.java</file>
        </group>
    </open-files>
</project-private>
